<?xml version="1.0" encoding="UTF-8"?>

        <beans xmlns="http://www.springframework.org/schema/beans"
    xmlns:xsi="http://www.w3.org/2001/XMLSchema-instance"
    xmlns:util="http://www.springframework.org/schema/util" 
    xmlns:p = "http://www.springframework.org/schema/p"
    
    xsi:schemaLocation="
        http://www.springframework.org/schema/beans http://www.springframework.org/schema/beans/spring-beans.xsd
        http://www.springframework.org/schema/util http://www.springframework.org/schema/util/spring-util.xsd"> <!-- bean definitions here -->

     
     
     <bean  class="com.springcore.ci.Person" name="person">
     <constructor-arg value="Durgesh"  />
     <constructor-arg value="25" type="int" />
          </bean>
     
     <bean class="com.springcore.ci.Addition" name="addition" >
     <constructor-arg value = "34"  />
     <constructor-arg  value = "25"/>
     
     </bean>
     
     
     

     

</beans>