<?xml version="1.0" encoding="UTF-8"?>

<beans xmlns="http://www.springframework.org/schema/beans"
	xmlns:xsi="http://www.w3.org/2001/XMLSchema-instance"
	xmlns:util="http://www.springframework.org/schema/util"
	xmlns:p="http://www.springframework.org/schema/p"

	xsi:schemaLocation="
        http://www.springframework.org/schema/beans http://www.springframework.org/schema/beans/spring-beans.xsd
        http://www.springframework.org/schema/util http://www.springframework.org/schema/util/spring-util.xsd"> <!-- bean definitions here -->


	<bean class="com.springcore.collection.Emp" name="emp1">
		<property name="name" value="Radhe" />
		<property name="phones">
			<list>
				<value>8200156562</value>
				<value>9794270082</value>
				<value>8840302418</value>
			</list>
		</property>

		<property name="addresses">
			<list>
				<value>Delhi</value>
				<value>Lucknow</value>
				<value>Mumbai</value>
			</list>
		</property>

		<property name="courses">
			<map>
				<entry key="Java" value="6month" />
				<entry key="python" value="3month" />
				<entry key="web devlopment" value="4month" />
			</map>
		</property>

		<property name="props">
			<props>
				<prop key="name">durgesh</prop>
				<prop key="channelName">LearnWithDurgesh</prop>
			</props>

		</property>
	</bean>



</beans>