<?xml version="1.0" encoding="UTF-8"?>

        <beans xmlns="http://www.springframework.org/schema/beans"
    xmlns:xsi="http://www.w3.org/2001/XMLSchema-instance"
    xmlns:context="http://www.springframework.org/schema/context"
    xmlns:p = "http://www.springframework.org/schema/p"
    xmlns:util = "http://www.springframework.org/schema/util"
       xsi:schemaLocation="
        http://www.springframework.org/schema/beans
        http://www.springframework.org/schema/beans/spring-beans.xsd   
        http://www.springframework.org/schema/context   
        http://www.springframework.org/schema/context/spring-context.xsd
         http://www.springframework.org/schema/util   
        http://www.springframework.org/schema/util/spring-util.xsd" > <!-- bean definitions here -->

   <context:component-scan base-package="com.springcore.strereotype"/>
   <util:list list-class="java.util.ArrayList"  id="temp">
     <value>Konch</value>
     <value>Greater Noida</value>
     <value>Kanpur</value>
   
   </util:list>
   

</beans>