<?xml version="1.0" encoding="UTF-8"?>

        <beans xmlns="http://www.springframework.org/schema/beans"
    xmlns:xsi="http://www.w3.org/2001/XMLSchema-instance"
    xmlns:context="http://www.springframework.org/schema/context"
    xmlns:p = "http://www.springframework.org/schema/p"
       xsi:schemaLocation="
        http://www.springframework.org/schema/beans
        http://www.springframework.org/schema/beans/spring-beans.xsd   
        http://www.springframework.org/schema/context   
        http://www.springframework.org/schema/context/spring-context.xsd" > <!-- bean definitions here -->
        
        
        
  <bean class="com.springcore.auto.wire.Address" name="address1">
  <property name="street" value="bishrakRoad"/>
  <property name="city"  value="greaterNoidaa"/>
  
  </bean>
  <bean class="com.springcore.auto.wire.Address" name="address">
  <property name="street" value="naibasti"/>
  <property name="city"  value="konch"/>
  
  </bean>

   <bean class="com.springcore.auto.wire.Emp" name="emp"  autowire="byName" />
     
   
   
  
   

</beans>