<?xml version="1.0" encoding="UTF-8"?>

        <beans xmlns="http://www.springframework.org/schema/beans"
    xmlns:xsi="http://www.w3.org/2001/XMLSchema-instance"
    xmlns:context="http://www.springframework.org/schema/context"
    xmlns:p = "http://www.springframework.org/schema/p"
    xmlns:util = "http://www.springframework.org/schema/util"
       xsi:schemaLocation="
        http://www.springframework.org/schema/beans
        http://www.springframework.org/schema/beans/spring-beans.xsd   
        http://www.springframework.org/schema/context   
        http://www.springframework.org/schema/context/spring-context.xsd
         http://www.springframework.org/schema/util   
        http://www.springframework.org/schema/util/spring-util.xsd" > <!-- bean definitions here -->

<!--   standalone list -->

<util:list  list-class="java.util.LinkedList  " id="mybestfriends">
        <value>Aman</value>
        <value>Aniket</value>
        <value>Ankit</value>
        <value>Anku</value>
        <value>Sonu</value>
       
</util:list>
<!--  standalone Map -->
  
  <util:map map-class="java.util.HashMap" id="fees">
     <entry key="Spring framework" value="8000"   />
     <entry key="Python" value="5000"/>
     <entry key="Hibernate framework" value="2000"/>
     
     
  
  
  </util:map>
  
  <bean  class=" com.springcore.standalone.collection.Person" name="person1">
  
      <property name="friends">
      <ref  bean="mybestfriends"/>
      </property>
      <property name="feesStructure" ref="fees"/>
  
  </bean>
  
   

</beans>